name,strings,collisions
RS,1000,0
RS,2000,0
RS,3000,0
RS,4000,0
RS,5000,0
RS,6000,0
RS,7000,0
RS,8000,0
RS,9000,0
RS,10000,0
RS,11000,0
RS,12000,0
RS,13000,0
RS,14000,0
RS,15000,0
RS,16000,0
RS,17000,0
RS,18000,0
RS,19000,0
RS,20000,0
RS,21000,0
RS,22000,0
RS,23000,0
RS,24000,0
RS,25000,0
RS,26000,0
RS,27000,0
RS,28000,0
RS,29000,0
RS,30000,0
RS,31000,0
RS,32000,0
RS,33000,0
RS,34000,0
RS,35000,0
RS,36000,0
RS,37000,0
RS,38000,0
RS,39000,0
RS,40000,0
RS,41000,0
RS,42000,1
RS,43000,1
RS,44000,1
RS,45000,1
RS,46000,1
RS,47000,1
RS,48000,1
RS,49000,1
RS,50000,1
RS,51000,1
RS,52000,1
RS,53000,1
RS,54000,1
RS,55000,1
RS,56000,1
RS,57000,1
RS,58000,1
RS,59000,1
RS,60000,1
RS,61000,1
RS,62000,1
RS,63000,1
RS,64000,1
RS,65000,1
RS,66000,1
RS,67000,1
RS,68000,1
RS,69000,1
RS,70000,1
RS,71000,1
RS,72000,1
RS,73000,1
RS,74000,1
RS,75000,1
RS,76000,1
RS,77000,1
RS,78000,1
RS,79000,1
RS,80000,1
RS,81000,1
RS,82000,1
RS,83000,1
RS,84000,1
RS,85000,1
RS,86000,1
RS,87000,1
RS,88000,1
RS,89000,1
RS,90000,1
RS,91000,1
RS,92000,1
RS,93000,1
RS,94000,1
RS,95000,1
RS,96000,1
RS,97000,1
RS,98000,1
RS,99000,1
RS,100000,1
JS,1000,0
JS,2000,0
JS,3000,0
JS,4000,0
JS,5000,0
JS,6000,0
JS,7000,0
JS,8000,0
JS,9000,0
JS,10000,0
JS,11000,0
JS,12000,0
JS,13000,0
JS,14000,0
JS,15000,0
JS,16000,0
JS,17000,0
JS,18000,0
JS,19000,0
JS,20000,0
JS,21000,0
JS,22000,0
JS,23000,0
JS,24000,0
JS,25000,0
JS,26000,0
JS,27000,0
JS,28000,0
JS,29000,0
JS,30000,0
JS,31000,0
JS,32000,0
JS,33000,0
JS,34000,0
JS,35000,0
JS,36000,0
JS,37000,0
JS,38000,0
JS,39000,0
JS,40000,0
JS,41000,0
JS,42000,0
JS,43000,0
JS,44000,0
JS,45000,0
JS,46000,0
JS,47000,0
JS,48000,0
JS,49000,0
JS,50000,0
JS,51000,0
JS,52000,0
JS,53000,0
JS,54000,0
JS,55000,0
JS,56000,0
JS,57000,0
JS,58000,0
JS,59000,0
JS,60000,0
JS,61000,0
JS,62000,0
JS,63000,0
JS,64000,0
JS,65000,0
JS,66000,0
JS,67000,0
JS,68000,0
JS,69000,0
JS,70000,0
JS,71000,0
JS,72000,0
JS,73000,0
JS,74000,0
JS,75000,0
JS,76000,0
JS,77000,0
JS,78000,0
JS,79000,0
JS,80000,0
JS,81000,0
JS,82000,0
JS,83000,0
JS,84000,0
JS,85000,0
JS,86000,0
JS,87000,0
JS,88000,0
JS,89000,0
JS,90000,0
JS,91000,0
JS,92000,0
JS,93000,0
JS,94000,0
JS,95000,0
JS,96000,0
JS,97000,0
JS,98000,0
JS,99000,0
JS,100000,0
PJW,1000,0
PJW,2000,0
PJW,3000,0
PJW,4000,0
PJW,5000,0
PJW,6000,0
PJW,7000,0
PJW,8000,0
PJW,9000,0
PJW,10000,0
PJW,11000,0
PJW,12000,0
PJW,13000,0
PJW,14000,0
PJW,15000,0
PJW,16000,0
PJW,17000,0
PJW,18000,0
PJW,19000,0
PJW,20000,1
PJW,21000,1
PJW,22000,1
PJW,23000,1
PJW,24000,2
PJW,25000,2
PJW,26000,2
PJW,27000,2
PJW,28000,3
PJW,29000,3
PJW,30000,3
PJW,31000,3
PJW,32000,3
PJW,33000,3
PJW,34000,3
PJW,35000,3
PJW,36000,3
PJW,37000,4
PJW,38000,4
PJW,39000,4
PJW,40000,4
PJW,41000,4
PJW,42000,4
PJW,43000,4
PJW,44000,4
PJW,45000,4
PJW,46000,4
PJW,47000,4
PJW,48000,4
PJW,49000,4
PJW,50000,5
PJW,51000,5
PJW,52000,5
PJW,53000,5
PJW,54000,6
PJW,55000,7
PJW,56000,7
PJW,57000,7
PJW,58000,8
PJW,59000,8
PJW,60000,8
PJW,61000,8
PJW,62000,8
PJW,63000,8
PJW,64000,9
PJW,65000,9
PJW,66000,9
PJW,67000,9
PJW,68000,10
PJW,69000,10
PJW,70000,10
PJW,71000,10
PJW,72000,10
PJW,73000,10
PJW,74000,10
PJW,75000,10
PJW,76000,10
PJW,77000,10
PJW,78000,11
PJW,79000,11
PJW,80000,11
PJW,81000,12
PJW,82000,12
PJW,83000,13
PJW,84000,13
PJW,85000,14
PJW,86000,15
PJW,87000,16
PJW,88000,17
PJW,89000,18
PJW,90000,19
PJW,91000,19
PJW,92000,19
PJW,93000,19
PJW,94000,19
PJW,95000,19
PJW,96000,19
PJW,97000,20
PJW,98000,21
PJW,99000,22
PJW,100000,22
ELF,1000,0
ELF,2000,0
ELF,3000,0
ELF,4000,0
ELF,5000,0
ELF,6000,0
ELF,7000,0
ELF,8000,0
ELF,9000,0
ELF,10000,0
ELF,11000,0
ELF,12000,0
ELF,13000,0
ELF,14000,0
ELF,15000,0
ELF,16000,0
ELF,17000,0
ELF,18000,0
ELF,19000,0
ELF,20000,1
ELF,21000,1
ELF,22000,1
ELF,23000,1
ELF,24000,2
ELF,25000,2
ELF,26000,2
ELF,27000,2
ELF,28000,3
ELF,29000,3
ELF,30000,3
ELF,31000,3
ELF,32000,3
ELF,33000,3
ELF,34000,3
ELF,35000,3
ELF,36000,3
ELF,37000,4
ELF,38000,4
ELF,39000,4
ELF,40000,4
ELF,41000,4
ELF,42000,4
ELF,43000,4
ELF,44000,4
ELF,45000,4
ELF,46000,4
ELF,47000,4
ELF,48000,4
ELF,49000,4
ELF,50000,5
ELF,51000,5
ELF,52000,5
ELF,53000,5
ELF,54000,6
ELF,55000,7
ELF,56000,7
ELF,57000,7
ELF,58000,8
ELF,59000,8
ELF,60000,8
ELF,61000,8
ELF,62000,8
ELF,63000,8
ELF,64000,9
ELF,65000,9
ELF,66000,9
ELF,67000,9
ELF,68000,10
ELF,69000,10
ELF,70000,10
ELF,71000,10
ELF,72000,10
ELF,73000,10
ELF,74000,10
ELF,75000,10
ELF,76000,10
ELF,77000,10
ELF,78000,11
ELF,79000,11
ELF,80000,11
ELF,81000,12
ELF,82000,12
ELF,83000,13
ELF,84000,13
ELF,85000,14
ELF,86000,15
ELF,87000,16
ELF,88000,17
ELF,89000,18
ELF,90000,19
ELF,91000,19
ELF,92000,19
ELF,93000,19
ELF,94000,19
ELF,95000,19
ELF,96000,19
ELF,97000,20
ELF,98000,21
ELF,99000,22
ELF,100000,22
BKDR,1000,0
BKDR,2000,0
BKDR,3000,0
BKDR,4000,0
BKDR,5000,0
BKDR,6000,0
BKDR,7000,0
BKDR,8000,0
BKDR,9000,0
BKDR,10000,0
BKDR,11000,0
BKDR,12000,0
BKDR,13000,0
BKDR,14000,0
BKDR,15000,0
BKDR,16000,0
BKDR,17000,0
BKDR,18000,0
BKDR,19000,0
BKDR,20000,0
BKDR,21000,0
BKDR,22000,0
BKDR,23000,0
BKDR,24000,0
BKDR,25000,0
BKDR,26000,0
BKDR,27000,0
BKDR,28000,0
BKDR,29000,0
BKDR,30000,0
BKDR,31000,0
BKDR,32000,0
BKDR,33000,0
BKDR,34000,0
BKDR,35000,0
BKDR,36000,0
BKDR,37000,0
BKDR,38000,0
BKDR,39000,0
BKDR,40000,0
BKDR,41000,0
BKDR,42000,0
BKDR,43000,0
BKDR,44000,0
BKDR,45000,0
BKDR,46000,0
BKDR,47000,0
BKDR,48000,0
BKDR,49000,0
BKDR,50000,0
BKDR,51000,0
BKDR,52000,0
BKDR,53000,0
BKDR,54000,0
BKDR,55000,0
BKDR,56000,0
BKDR,57000,0
BKDR,58000,0
BKDR,59000,0
BKDR,60000,0
BKDR,61000,0
BKDR,62000,0
BKDR,63000,0
BKDR,64000,0
BKDR,65000,0
BKDR,66000,0
BKDR,67000,0
BKDR,68000,0
BKDR,69000,0
BKDR,70000,0
BKDR,71000,0
BKDR,72000,0
BKDR,73000,0
BKDR,74000,0
BKDR,75000,0
BKDR,76000,0
BKDR,77000,0
BKDR,78000,0
BKDR,79000,0
BKDR,80000,0
BKDR,81000,0
BKDR,82000,0
BKDR,83000,0
BKDR,84000,1
BKDR,85000,1
BKDR,86000,1
BKDR,87000,1
BKDR,88000,1
BKDR,89000,1
BKDR,90000,1
BKDR,91000,1
BKDR,92000,1
BKDR,93000,1
BKDR,94000,1
BKDR,95000,1
BKDR,96000,1
BKDR,97000,1
BKDR,98000,1
BKDR,99000,1
BKDR,100000,1
SDBM,1000,0
SDBM,2000,0
SDBM,3000,0
SDBM,4000,0
SDBM,5000,0
SDBM,6000,0
SDBM,7000,0
SDBM,8000,0
SDBM,9000,0
SDBM,10000,0
SDBM,11000,0
SDBM,12000,0
SDBM,13000,0
SDBM,14000,0
SDBM,15000,0
SDBM,16000,0
SDBM,17000,0
SDBM,18000,0
SDBM,19000,0
SDBM,20000,0
SDBM,21000,0
SDBM,22000,0
SDBM,23000,0
SDBM,24000,0
SDBM,25000,0
SDBM,26000,0
SDBM,27000,0
SDBM,28000,0
SDBM,29000,0
SDBM,30000,0
SDBM,31000,0
SDBM,32000,0
SDBM,33000,0
SDBM,34000,0
SDBM,35000,0
SDBM,36000,0
SDBM,37000,0
SDBM,38000,0
SDBM,39000,0
SDBM,40000,0
SDBM,41000,0
SDBM,42000,0
SDBM,43000,0
SDBM,44000,0
SDBM,45000,1
SDBM,46000,1
SDBM,47000,1
SDBM,48000,1
SDBM,49000,1
SDBM,50000,1
SDBM,51000,1
SDBM,52000,1
SDBM,53000,1
SDBM,54000,1
SDBM,55000,1
SDBM,56000,1
SDBM,57000,1
SDBM,58000,1
SDBM,59000,1
SDBM,60000,1
SDBM,61000,1
SDBM,62000,1
SDBM,63000,1
SDBM,64000,1
SDBM,65000,1
SDBM,66000,1
SDBM,67000,1
SDBM,68000,1
SDBM,69000,1
SDBM,70000,1
SDBM,71000,1
SDBM,72000,1
SDBM,73000,1
SDBM,74000,1
SDBM,75000,1
SDBM,76000,1
SDBM,77000,1
SDBM,78000,1
SDBM,79000,1
SDBM,80000,1
SDBM,81000,1
SDBM,82000,1
SDBM,83000,1
SDBM,84000,1
SDBM,85000,1
SDBM,86000,1
SDBM,87000,1
SDBM,88000,1
SDBM,89000,1
SDBM,90000,1
SDBM,91000,1
SDBM,92000,1
SDBM,93000,1
SDBM,94000,1
SDBM,95000,1
SDBM,96000,1
SDBM,97000,1
SDBM,98000,1
SDBM,99000,1
SDBM,100000,1
DJB,1000,0
DJB,2000,0
DJB,3000,0
DJB,4000,0
DJB,5000,0
DJB,6000,0
DJB,7000,0
DJB,8000,0
DJB,9000,0
DJB,10000,0
DJB,11000,0
DJB,12000,0
DJB,13000,0
DJB,14000,0
DJB,15000,0
DJB,16000,0
DJB,17000,0
DJB,18000,0
DJB,19000,0
DJB,20000,0
DJB,21000,0
DJB,22000,0
DJB,23000,0
DJB,24000,0
DJB,25000,0
DJB,26000,0
DJB,27000,0
DJB,28000,0
DJB,29000,0
DJB,30000,0
DJB,31000,0
DJB,32000,0
DJB,33000,0
DJB,34000,0
DJB,35000,0
DJB,36000,0
DJB,37000,0
DJB,38000,0
DJB,39000,0
DJB,40000,0
DJB,41000,0
DJB,42000,0
DJB,43000,0
DJB,44000,0
DJB,45000,0
DJB,46000,0
DJB,47000,0
DJB,48000,0
DJB,49000,0
DJB,50000,0
DJB,51000,0
DJB,52000,0
DJB,53000,0
DJB,54000,0
DJB,55000,0
DJB,56000,0
DJB,57000,0
DJB,58000,0
DJB,59000,0
DJB,60000,0
DJB,61000,0
DJB,62000,0
DJB,63000,0
DJB,64000,0
DJB,65000,0
DJB,66000,0
DJB,67000,0
DJB,68000,0
DJB,69000,0
DJB,70000,0
DJB,71000,0
DJB,72000,0
DJB,73000,0
DJB,74000,0
DJB,75000,0
DJB,76000,0
DJB,77000,0
DJB,78000,0
DJB,79000,0
DJB,80000,0
DJB,81000,0
DJB,82000,0
DJB,83000,0
DJB,84000,0
DJB,85000,0
DJB,86000,0
DJB,87000,0
DJB,88000,0
DJB,89000,0
DJB,90000,0
DJB,91000,0
DJB,92000,0
DJB,93000,0
DJB,94000,0
DJB,95000,0
DJB,96000,0
DJB,97000,0
DJB,98000,0
DJB,99000,0
DJB,100000,1
DEK,1000,0
DEK,2000,0
DEK,3000,0
DEK,4000,0
DEK,5000,0
DEK,6000,0
DEK,7000,0
DEK,8000,0
DEK,9000,0
DEK,10000,0
DEK,11000,0
DEK,12000,0
DEK,13000,0
DEK,14000,0
DEK,15000,0
DEK,16000,0
DEK,17000,0
DEK,18000,0
DEK,19000,0
DEK,20000,0
DEK,21000,0
DEK,22000,0
DEK,23000,0
DEK,24000,0
DEK,25000,0
DEK,26000,0
DEK,27000,0
DEK,28000,0
DEK,29000,0
DEK,30000,0
DEK,31000,0
DEK,32000,0
DEK,33000,0
DEK,34000,0
DEK,35000,0
DEK,36000,0
DEK,37000,0
DEK,38000,0
DEK,39000,0
DEK,40000,0
DEK,41000,0
DEK,42000,0
DEK,43000,0
DEK,44000,0
DEK,45000,0
DEK,46000,0
DEK,47000,0
DEK,48000,0
DEK,49000,0
DEK,50000,0
DEK,51000,0
DEK,52000,1
DEK,53000,1
DEK,54000,1
DEK,55000,1
DEK,56000,2
DEK,57000,2
DEK,58000,2
DEK,59000,2
DEK,60000,2
DEK,61000,2
DEK,62000,2
DEK,63000,2
DEK,64000,2
DEK,65000,2
DEK,66000,2
DEK,67000,2
DEK,68000,2
DEK,69000,2
DEK,70000,2
DEK,71000,3
DEK,72000,3
DEK,73000,3
DEK,74000,3
DEK,75000,3
DEK,76000,3
DEK,77000,3
DEK,78000,3
DEK,79000,3
DEK,80000,3
DEK,81000,3
DEK,82000,3
DEK,83000,3
DEK,84000,3
DEK,85000,3
DEK,86000,3
DEK,87000,3
DEK,88000,3
DEK,89000,3
DEK,90000,3
DEK,91000,3
DEK,92000,3
DEK,93000,3
DEK,94000,3
DEK,95000,3
DEK,96000,3
DEK,97000,3
DEK,98000,3
DEK,99000,3
DEK,100000,3
AP,1000,0
AP,2000,0
AP,3000,0
AP,4000,0
AP,5000,0
AP,6000,0
AP,7000,0
AP,8000,0
AP,9000,0
AP,10000,0
AP,11000,0
AP,12000,0
AP,13000,0
AP,14000,0
AP,15000,0
AP,16000,0
AP,17000,0
AP,18000,0
AP,19000,0
AP,20000,0
AP,21000,0
AP,22000,0
AP,23000,0
AP,24000,0
AP,25000,0
AP,26000,0
AP,27000,0
AP,28000,0
AP,29000,0
AP,30000,0
AP,31000,0
AP,32000,0
AP,33000,0
AP,34000,0
AP,35000,0
AP,36000,0
AP,37000,0
AP,38000,0
AP,39000,0
AP,40000,0
AP,41000,0
AP,42000,0
AP,43000,0
AP,44000,0
AP,45000,0
AP,46000,0
AP,47000,0
AP,48000,0
AP,49000,0
AP,50000,0
AP,51000,0
AP,52000,0
AP,53000,0
AP,54000,0
AP,55000,0
AP,56000,0
AP,57000,0
AP,58000,0
AP,59000,0
AP,60000,0
AP,61000,0
AP,62000,0
AP,63000,0
AP,64000,0
AP,65000,0
AP,66000,0
AP,67000,0
AP,68000,0
AP,69000,0
AP,70000,0
AP,71000,0
AP,72000,0
AP,73000,0
AP,74000,0
AP,75000,0
AP,76000,0
AP,77000,0
AP,78000,0
AP,79000,0
AP,80000,0
AP,81000,0
AP,82000,0
AP,83000,0
AP,84000,0
AP,85000,0
AP,86000,0
AP,87000,0
AP,88000,0
AP,89000,0
AP,90000,0
AP,91000,0
AP,92000,0
AP,93000,0
AP,94000,0
AP,95000,0
AP,96000,0
AP,97000,0
AP,98000,0
AP,99000,0
AP,100000,0
